name,accuracy,precision,recall,f1,auc
XGBoost,0.9538389072067829,0.9550827423167849,0.9985170538803757,0.9763170613823103,0.6537271379139891
LogisticRegression,0.9528968440885539,0.9528968440885539,1.0,0.9758803666184274,0.6245872466633713
RandomForest,0.9528968440885539,0.9528968440885539,1.0,0.9758803666184274,0.6258823529411764
